Display Name,Account Code,Account Name,Name,Security Description,Position,Underlying Equivalent Position,A:Market Value Local,Price,Expiration Date,Issuer,Is Closed
ABCAP=G6 IS,ARBITRAG,209- ARBITRAGE FUND,ADITYA BIRLA CAP Feb26,ABCAP=G6,-1083,-3357300,-1087765200,324,02/24/2026,Aditya Birla Capital Ltd,0
ACEM=G6 IS,ARBITRAG,209- ARBITRAGE FUND,AMBUJA CEMENTS Feb26,ACEM=G6,-325,-341250,-174225120.8,510.5498047,02/24/2026,Ambuja Cements Ltd,0
ADANE=G6 IS,ARBITRAG,209- ARBITRAGE FUND,ADANI ENERGY SOL Feb26,ADANE=G6,-7,-4725,-4071532.269,861.6999512,02/24/2026,Adani Energy Solutions Ltd,0
ADSEZ=G6 IS,ARBITRAG,209- ARBITRAGE FUND,Adani Ports Feb26,ADSEZ=G6,-35,-16625,-22867687.5,1375.5,02/24/2026,Adani Ports & Special Economic,0
AMBER=G6 IS,ARBITRAG,209- ARBITRAGE FUND,AMBER ENTERPRISES Feb26,AMBER=G6,0,0,0,5878.5,02/24/2026,Amber Enterprises India Ltd,0
APAT=G6 IS,ARBITRAG,209- ARBITRAGE FUND,APL APOLLO TUBES Feb26,APAT=G6,-467,-163450,-336363739,2057.899902,02/24/2026,APL Apollo Tubes Ltd,0
APHS=G6 IS,ARBITRAG,209- ARBITRAGE FUND,Apollo Hosp Feb26,APHS=G6,-236,-29500,-203491000,6898,02/24/2026,Apollo Hospitals Enterprise Lt,0
ARBP=G6 IS,ARBITRAG,209- ARBITRAGE FUND,Aurobindo Pharma Feb26,ARBP=G6,-1248,-686400,-807480893,1176.399902,02/24/2026,Aurobindo Pharma Ltd,0
AUBAN=G6 IS,ARBITRAG,209- ARBITRAGE FUND,AU Small Fin Bank Feb26,AUBAN=G6,-269,-269000,-260607147.5,968.7998047,02/24/2026,AU Small Finance Bank Ltd,0
AXSB=G6 IS,ARBITRAG,209- ARBITRAGE FUND,Axis Bank Feb26,AXSB=G6,-928,-580000,-775227915,1336.599854,02/24/2026,Axis Bank Ltd,0
BAF=G6 IS,ARBITRAG,209- ARBITRAGE FUND,Bajaj Finance Ltd Feb26,BAF=G6,-1203,-902250,-820551218.4,909.4499512,02/24/2026,Bajaj Finance Ltd,0
BAF=H6 IS,ARBITRAG,209- ARBITRAGE FUND,Bajaj Finance Ltd Mar26,BAF=H6,-333,-249750,-228408813.7,914.5498047,03/30/2026,Bajaj Finance Ltd,0
BANDH=G6 IS,ARBITRAG,209- ARBITRAGE FUND,Bandhan Bank Ltd Feb26,BANDH=G6,-1307,-4705200,-696840148.7,148.1000061,02/24/2026,Bandhan Bank Ltd,0
BHART=G6 IS,ARBITRAG,209- ARBITRAGE FUND,Bharti Airtel Feb26,BHART=G6,-1357,-644575,-1259950721,1954.699951,02/24/2026,Bharti Airtel Ltd,0
BHE=G6 IS,ARBITRAG,209- ARBITRAGE FUND,BHARAT ELECTRON Feb26,BHE=G6,-1504,-2143200,-913003200,426,02/24/2026,Bharat Electronics Ltd,0
BHEL=G6 IS,ARBITRAG,209- ARBITRAGE FUND,BHARAT HEAVY ELE Feb26,BHEL=G6,-285,-748125,-190285598.3,254.3500061,02/24/2026,Bharat Heavy Electricals Ltd,0
BHFC=G6 IS,ARBITRAG,209- ARBITRAGE FUND,Bharat Forge Ltd Feb26,BHFC=G6,-10,-5000,-7056500.244,1411.300049,02/24/2026,Bharat Forge Ltd,0
BIOS=G6 IS,ARBITRAG,209- ARBITRAGE FUND,Biocon Ltd Feb26,BIOS=G6,-435,-1087500,-396447912.6,364.5498047,02/24/2026,Biocon Ltd,0
BJFIN=G6 IS,ARBITRAG,209- ARBITRAGE FUND,BAJAJ FINSERV LT Feb26,BJFIN=G6,-148,-37000,-70843898.19,1914.699951,02/24/2026,Bajaj Finserv Ltd,0
BOB=G6 IS,ARBITRAG,209- ARBITRAGE FUND,Bank of Baroda Feb26,BOB=G6,-1178,-3445650,-946174985.3,274.5998535,02/24/2026,Bank of Baroda,0
BOI=G6 IS,ARBITRAG,209- ARBITRAGE FUND,Bank of India Feb26,BOI=G6,-157,-816400,-123896859.5,151.7599945,02/24/2026,Bank of India,0
BRIT=G6 IS,ARBITRAG,209- ARBITRAGE FUND,Britannia Ind Ltd Feb26,BRIT=G6,-474,-59250,-341250375,5759.5,02/24/2026,Britannia Industries Ltd,0
BSE=G6 IS,ARBITRAG,209- ARBITRAGE FUND,BSE LTD Feb26,BSE=G6,-218,-81750,-217307846,2658.199951,02/24/2026,BSE Ltd,0
CAMS=G6 IS,ARBITRAG,209- ARBITRAGE FUND,COMPUTER AGE MAN Feb26,CAMS=G6,-11,-8250,-5600511.292,678.8498535,02/24/2026,Computer Age Management Servic,0
CCRI=G6 IS,ARBITRAG,209- ARBITRAGE FUND,CONTAINER CORP Feb26,CCRI=G6,-1150,-1437500,-723062500,503,02/24/2026,Container Corp Of India Ltd,0
CDSL=G6 IS,ARBITRAG,209- ARBITRAGE FUND,CENTRAL DEPOSITO Feb26,CDSL=G6,-11,-5225,-6410030.255,1226.800049,02/24/2026,Central Depository Services In,0
CGPOW=G6 IS,ARBITRAG,209- ARBITRAGE FUND,CG POWER AND IND Feb26,CGPOW=G6,-112,-95200,-56586870.7,594.3999023,02/24/2026,CG Power & Industrial Solution,0
CIFC=G6 IS,ARBITRAG,209- ARBITRAGE FUND,CHOLAMANDALAM IN Feb26,CIFC=G6,-239,-149375,-235892992.7,1579.199951,02/24/2026,Cholamandalam Investment and F,0
CIPLA=G6 IS,ARBITRAG,209- ARBITRAGE FUND,Cipla Limited Feb26,CIPLA=G6,-2,-750,-979799.9268,1306.399902,02/24/2026,Cipla Ltd/India,0
CROMP=G6 IS,ARBITRAG,209- ARBITRAGE FUND,CROMPTON GREAVES Feb26,CROMP=G6,-1654,-2977200,-658913925.8,221.3200073,02/24/2026,Crompton Greaves Consumer Elec,0
DABUR=G6 IS,ARBITRAG,209- ARBITRAGE FUND,Dabur India Ltd Feb26,DABUR=G6,-107,-133750,-66988667.91,500.8498535,02/24/2026,Dabur India Ltd,0
DALBH=G6 IS,ARBITRAG,209- ARBITRAGE FUND,DALMIA BHARAT Feb26,DALBH=G6,-252,-81900,-165847500,2025,02/24/2026,Dalmia Bharat Ltd,0
DELHV=G6 IS,ARBITRAG,209- ARBITRAGE FUND,DELHIVERY LTD Feb26,DELHV=G6,-269,-558175,-248555218.5,445.2998047,02/24/2026,Delhivery Ltd,0
DIVI=G6 IS,ARBITRAG,209- ARBITRAGE FUND,Divi's Lab Ltd Feb26,DIVI=G6,-1370,-137000,-815355500,5951.5,02/24/2026,Divi's Laboratories Ltd,0
DIXON=G6 IS,ARBITRAG,209- ARBITRAGE FUND,DIXON TECHNOLOGI Feb26,DIXON=G6,-278,-13900,-144156900,10371,02/24/2026,Dixon Technologies India Ltd,0
DLFU=G6 IS,ARBITRAG,209- ARBITRAGE FUND,DLF Ltd Feb26,DLFU=G6,-2399,-1979175,-1231145422,622.0498047,02/24/2026,DLF Ltd,0
DRRD=G6 IS,ARBITRAG,209- ARBITRAGE FUND,DR REDDY'S LABS Feb26,DRRD=G6,-151,-94375,-112060865.8,1187.399902,02/24/2026,Dr Reddy's Laboratories Ltd,0
EIM=G6 IS,ARBITRAG,209- ARBITRAGE FUND,Eicher Motors Feb26,EIM=G6,-90,-9000,-62235000,6915,02/24/2026,Eicher Motors Ltd,0
ETERN=G6 IS,ARBITRAG,209- ARBITRAGE FUND,ETERNAL LTD Feb26,ETERN=G6,-5271,-12782175,-3484419033,272.5998535,02/24/2026,Eternal Ltd,0
EXID=G6 IS,ARBITRAG,209- ARBITRAGE FUND,EXIDE Industries Feb26,EXID=G6,-540,-972000,-305402352.5,314.1999512,02/24/2026,Exide Industries Ltd,0
FB=G6 IS,ARBITRAG,209- ARBITRAGE FUND,Federal Bank Ltd Feb26,FB=G6,-7,-35000,-9833248.291,280.9499512,02/24/2026,Federal Bank Ltd,0
FORH=G6 IS,ARBITRAG,209- ARBITRAGE FUND,FORTIS HEALTHCAR Feb26,FORH=G6,-254,-196850,-163936641.6,832.7998047,02/24/2026,Fortis Healthcare Ltd,0
GAIL=G6 IS,ARBITRAG,209- ARBITRAGE FUND,Gail India Ltd Feb26,GAIL=G6,-30,-94500,-15162524.71,160.4499969,02/24/2026,GAIL India Ltd,0
GCPL=G6 IS,ARBITRAG,209- ARBITRAGE FUND,GODREJ CONSUMER Feb26,GCPL=G6,-102,-51000,-58614302.49,1149.300049,02/24/2026,Godrej Consumer Products Ltd,0
GMRAI=G6 IS,ARBITRAG,209- ARBITRAGE FUND,GMR AIRPORTS LTD Feb26,GMRAI=G6,-755,-5266125,-489591647.7,92.97000122,02/24/2026,GMR Airports Ltd,0
GNP=G6 IS,ARBITRAG,209- ARBITRAGE FUND,Glenmark Pharma Feb26,GNP=G6,-945,-354375,-678557267.3,1914.800049,02/24/2026,Glenmark Pharmaceuticals Ltd,0
GPL=G6 IS,ARBITRAG,209- ARBITRAGE FUND,GODREJ PROPERTIES Feb26,GPL=G6,-2036,-559900,-859726450,1535.5,02/24/2026,Godrej Properties Ltd,0
GRASI=G6 IS,ARBITRAG,209- ARBITRAGE FUND,Grasim Industries Feb26,GRASI=G6,-1379,-344750,-945614741.3,2742.899902,02/24/2026,Grasim Industries Ltd,0
HAMC=G6 IS,ARBITRAG,209- ARBITRAGE FUND,HDFC ASSET MGMT Feb26,HAMC=G6,-411,-123300,-308003400,2498,02/24/2026,HDFC Asset Management Co Ltd,0
HAVL=G6 IS,ARBITRAG,209- ARBITRAGE FUND,HAVELLS INDIA Feb26,HAVL=G6,-385,-192500,-244205471.8,1268.599854,02/24/2026,Havells India Ltd,0
HCLT=G6 IS,ARBITRAG,209- ARBITRAGE FUND,HCL Technologies Feb26,HCLT=G6,-4,-1400,-2348220.068,1677.300049,02/24/2026,HCL Technologies Ltd,0
HDFCB=G6 IS,ARBITRAG,209- ARBITRAGE FUND,HDFC Bank Limited Feb26,HDFCB=G6,-8288,-4558400,-4252074630,932.7998047,02/24/2026,HDFC Bank Ltd,0
HDFCB=H6 IS,ARBITRAG,209- ARBITRAGE FUND,HDFC Bank Limited Mar26,HDFCB=H6,-1059,-582450,-546658333.7,938.5498047,03/30/2026,HDFC Bank Ltd,0
HMCL=G6 IS,ARBITRAG,209- ARBITRAGE FUND,Hero Motocorp Ltd Feb26,HMCL=G6,-21,-3150,-17126550,5437,02/24/2026,Hero MotoCorp Ltd,0
HNAL=G6 IS,ARBITRAG,209- ARBITRAGE FUND,HINDUSTAN AERONA Feb26,HNAL=G6,-1532,-229800,-973938180.5,4238.199219,02/24/2026,Hindustan Aeronautics Ltd,0
HPCL=G6 IS,ARBITRAG,209- ARBITRAGE FUND,Hindustan Petrolm Feb26,HPCL=G6,-142,-287550,-129828825,451.5,02/24/2026,Hindustan Petroleum Corp Ltd,0
HUVR=G6 IS,ARBITRAG,209- ARBITRAGE FUND,HINDUSTAN UNILEV Feb26,HUVR=G6,0,0,0,2323.199951,02/24/2026,Hindustan Unilever Ltd,0
HZ=G6 IS,ARBITRAG,209- ARBITRAGE FUND,Hindustan Zinc Ltd Feb26,HZ=G6,-394,-482650,-286452775,593.5,02/24/2026,Hindustan Zinc Ltd,0
ICICI=G6 IS,ARBITRAG,209- ARBITRAGE FUND,ICICI Bank Feb26,ICICI=G6,-3313,-2319100,-3121740170,1346.099854,02/24/2026,ICICI Bank Ltd,0
ICICI=H6 IS,ARBITRAG,209- ARBITRAGE FUND,ICICI Bank Mar26,ICICI=H6,-1403,-982100,-1330254450,1354.5,03/30/2026,ICICI Bank Ltd,0
IDEA=G6 IS,ARBITRAG,209- ARBITRAGE FUND,VODAFONE IDEA LT Feb26,IDEA=G6,-2003,-143164425,-1523269531,10.64000034,02/24/2026,Vodafone Idea Ltd,0
IDFCF=G6 IS,ARBITRAG,209- ARBITRAGE FUND,IDFC First Bank Feb26,IDFCF=G6,-300,-2782500,-226467673.3,81.38999939,02/24/2026,IDFC First Bank Ltd,0
IH=G6 IS,ARBITRAG,209- ARBITRAGE FUND,INDIAN HOTELS LTD Feb26,IH=G6,-902,-902000,-597124000,662,02/24/2026,Indian Hotels Co Ltd/The,0
INDIG=G6 IS,ARBITRAG,209- ARBITRAGE FUND,INTERGLOBE AVIAT Feb26,INDIG=G6,-1214,-182100,-849660105.5,4665.898438,02/24/2026,InterGlobe Aviation Ltd,0
INDUS=G6 IS,ARBITRAG,209- ARBITRAGE FUND,INDUS TOWERS LTD Feb26,INDUS=G6,-1457,-2476900,-1058131559,427.1999512,02/24/2026,Indus Towers Ltd,0
INFO=G6 IS,ARBITRAG,209- ARBITRAGE FUND,Infosys Ltd Feb26,INFO=G6,-265,-106000,-173257000,1634.5,02/24/2026,Infosys Ltd,0
INFOE=G6 IS,ARBITRAG,209- ARBITRAGE FUND,Info Edge India Feb26,INFOE=G6,-18,-6750,-8398349.67,1244.199951,02/24/2026,Info Edge India Ltd,0
INXW=G6 IS,ARBITRAG,209- ARBITRAGE FUND,INOX WIND LTD Feb26,INXW=G6,-1154,-4125550,-428727148.4,103.9199982,02/24/2026,Inox Wind Ltd,0
IOCL=G6 IS,ARBITRAG,209- ARBITRAGE FUND,Indian Oil Corp Feb26,IOCL=G6,-20,-97500,-15858374.4,162.6499939,02/24/2026,Indian Oil Corp Ltd,0
IPRU=G6 IS,ARBITRAG,209- ARBITRAGE FUND,ICICI PRUDENTIAL Feb26,IPRU=G6,-338,-312650,-199877083.9,639.2998047,02/24/2026,ICICI Prudential Life Insuranc,0
ITC=G6 IS,ARBITRAG,209- ARBITRAGE FUND,ITC Limited Feb26,ITC=G6,-4140,-6624000,-2021312953,305.1499023,02/24/2026,ITC Ltd,0
JINDA=G6 IS,ARBITRAG,209- ARBITRAGE FUND,JINDAL STEEL & P Feb26,JINDA=G6,-77,-48125,-53202187.5,1105.5,02/24/2026,Jindal Steel Ltd,0
JIOFI=G6 IS,ARBITRAG,209- ARBITRAGE FUND,JIO FINANCIAL SE Feb26,JIOFI=G6,-1552,-3647200,-879522257.7,241.1499939,02/24/2026,Jio Financial Services Ltd,0
JSTL=G6 IS,ARBITRAG,209- ARBITRAGE FUND,JSW Steel Limited Feb26,JSTL=G6,-1808,-1220400,-1463625780,1199.300049,02/24/2026,JSW Steel Ltd,0
JSW=G6 IS,ARBITRAG,209- ARBITRAGE FUND,JSW ENERGY LTD Feb26,JSW=G6,-972,-972000,-436087705.1,448.6499023,02/24/2026,JSW Energy Ltd,0
KALYA=G6 IS,ARBITRAG,209- ARBITRAGE FUND,KALYAN JEWELLERS Feb26,KALYA=G6,-1018,-1196150,-433544509.1,362.4499512,02/24/2026,Kalyan Jewellers India Ltd,0
KMB=G6 IS,ARBITRAG,209- ARBITRAGE FUND,Kotak Mahindra Bk Feb26,KMB=G6,-2673,-5346000,-2200412817,411.5998535,02/24/2026,Kotak Mahindra Bank Ltd,0
KMB=H6 IS,ARBITRAG,209- ARBITRAGE FUND,Kotak Mahindra Bk Mar26,KMB=H6,-500,-1000000,-414349853.5,414.3498535,03/30/2026,Kotak Mahindra Bank Ltd,0
LAURU=G6 IS,ARBITRAG,209- ARBITRAGE FUND,LAURUS LABS LTD Feb26,LAURU=G6,-603,-512550,-482283897.5,940.9499512,02/24/2026,Laurus Labs Ltd,0
LICHF=G6 IS,ARBITRAG,209- ARBITRAGE FUND,LIC Housing Fin Feb26,LICHF=G6,-1280,-1280000,-646080000,504.75,02/24/2026,LIC Housing Finance Ltd,0
LICI=G6 IS,ARBITRAG,209- ARBITRAGE FUND,LIC INSURANCE CO Feb26,LICI=G6,-322,-225400,-179846638,797.8999023,02/24/2026,Life Insurance Corp of India,0
LODHA=G6 IS,ARBITRAG,209- ARBITRAGE FUND,LODHA DEVELOPERS Feb26,LODHA=G6,-519,-233550,-220973309.7,946.1499023,02/24/2026,Lodha Developers Ltd,0
LT=G6 IS,ARBITRAG,209- ARBITRAGE FUND,Larsen & Toubro Feb26,LT=G6,-396,-69300,-270242286.8,3899.600098,02/24/2026,Larsen & Toubro Ltd,0
LTIM=G6 IS,ARBITRAG,209- ARBITRAGE FUND,LTIMindtree LTD Feb26,LTIM=G6,-351,-52650,-316900350,6019,02/24/2026,LTIMindtree Ltd,0
MAXF=G6 IS,ARBITRAG,209- ARBITRAGE FUND,MAX FINANCIAL SE Feb26,MAXF=G6,-634,-253600,-416791600,1643.5,02/24/2026,Max Financial Services Ltd,0
MAXHE=G6 IS,ARBITRAG,209- ARBITRAGE FUND,MAX HEALTHCARE I Feb26,MAXHE=G6,-838,-439950,-418964299.1,952.2998047,02/24/2026,Max Healthcare Institute Ltd,0
MAXHE=H6 IS,ARBITRAG,209- ARBITRAGE FUND,MAX HEALTHCARE I Mar26,MAXHE=H6,-143,-75075,-71993167.58,958.9499512,03/30/2026,Max Healthcare Institute Ltd,0
MAZDO=G6 IS,ARBITRAG,209- ARBITRAGE FUND,MAZAGON DOCK SHIPB Feb26,MAZDO=G6,-77,-15400,-36812158.5,2390.399902,02/24/2026,Mazagon Dock Shipbuilders Ltd,0
MGFL=G6 IS,ARBITRAG,209- ARBITRAGE FUND,MANAPPURAM FINAN Feb26,MGFL=G6,-391,-1173000,-314891792.7,268.4499512,02/24/2026,Manappuram Finance Ltd,0
MM=G6 IS,ARBITRAG,209- ARBITRAGE FUND,MAHINDRA & MAHIN Feb26,MM=G6,-1988,-397600,-1349772499,3394.800049,02/24/2026,Mahindra & Mahindra Ltd,0
MM=H6 IS,ARBITRAG,209- ARBITRAGE FUND,MAHINDRA & MAHIN Mar26,MM=H6,-1,-200,-683200,3416,03/30/2026,Mahindra & Mahindra Ltd,0
MOTHE=G6 IS,ARBITRAG,209- ARBITRAGE FUND,SAMVARDHANA M. Feb26,MOTHE=G6,-714,-4391100,-487631668.4,111.0500031,02/24/2026,Samvardhana Motherson Internat,0
MPHL=G6 IS,ARBITRAG,209- ARBITRAGE FUND,MPHASIS LTD Feb26,MPHL=G6,-101,-27775,-76592342.71,2757.600098,02/24/2026,Mphasis Ltd,0
MRCO=G6 IS,ARBITRAG,209- ARBITRAGE FUND,MARICO LTD Feb26,MRCO=G6,-955,-1146000,-829188076.2,723.5498047,02/24/2026,Marico Ltd,0
MSIL=G6 IS,ARBITRAG,209- ARBITRAGE FUND,Maruti Suzuki Feb26,MSIL=G6,-450,-22500,-319860000,14216,02/24/2026,Maruti Suzuki India Ltd,0
MSIL=H6 IS,ARBITRAG,209- ARBITRAGE FUND,Maruti Suzuki Mar26,MSIL=H6,-1,-50,-715650,14313,03/30/2026,Maruti Suzuki India Ltd,0
MUTH=G6 IS,ARBITRAG,209- ARBITRAGE FUND,MUTHOOT FINANCE Feb26,MUTH=G6,-160,-44000,-155579595.7,3535.899902,02/24/2026,Muthoot Finance Ltd,0
NACL=G6 IS,ARBITRAG,209- ARBITRAGE FUND,NATIONAL ALUMIN Feb26,NACL=G6,-34,-127500,-46658618.77,365.9499512,02/24/2026,National Aluminium Co Ltd,0
NBCC=G6 IS,ARBITRAG,209- ARBITRAGE FUND,NBCC INDIA LTD Feb26,NBCC=G6,-375,-2437500,-232391241.1,95.33999634,02/24/2026,NBCC India Ltd,0
NEST=G6 IS,ARBITRAG,209- ARBITRAGE FUND,NESTLE INDIA LTD Feb26,NEST=G6,-314,-157000,-201823500,1285.5,02/24/2026,Nestle India Ltd,0
NHPC=G6 IS,ARBITRAG,209- ARBITRAGE FUND,NHPC Limited Feb26,NHPC=G6,-9,-57600,-4348800,75.5,02/24/2026,NHPC Ltd,0
NMDC=G6 IS,ARBITRAG,209- ARBITRAGE FUND,NMDC Limited Feb26,NMDC=G6,-1397,-9429750,-757680326.2,80.34999084,02/24/2026,NMDC Ltd,0
NTPC=G6 IS,ARBITRAG,209- ARBITRAGE FUND,NTPC Limited Feb26,NTPC=G6,-113,-169500,-57969000,342,02/24/2026,NTPC Ltd,0
NUVAM=G6 IS,ARBITRAG,209- ARBITRAGE FUND,NUVAMA WEALTH MA Feb26,NUVAM=G6,0,0,0,1256.800049,02/24/2026,Nuvama Wealth Management Ltd,0
NYKAA=G6 IS,ARBITRAG,209- ARBITRAGE FUND,FSN E-COMMERCE V Feb26,NYKAA=G6,-158,-493750,-117122440.8,237.2100067,02/24/2026,FSN E-Commerce Ventures Ltd,0
OFSS=G6 IS,ARBITRAG,209- ARBITRAGE FUND,Oracle Financial Feb26,OFSS=G6,-25,-1875,-14500312.5,7733.5,02/24/2026,Oracle Financial Services Soft,0
ONGC=G6 IS,ARBITRAG,209- ARBITRAGE FUND,OIL & NATURAL GA Feb26,ONGC=G6,-56,-126000,-31455899.23,249.6499939,02/24/2026,Oil & Natural Gas Corp Ltd,0
PATAN=G6 IS,ARBITRAG,209- ARBITRAGE FUND,PATANJALI FOODS Feb26,PATAN=G6,-489,-440100,-216397148.5,491.6999512,02/24/2026,Patanjali Foods Ltd,0
PAYTM=G6 IS,ARBITRAG,209- ARBITRAGE FUND,ONE 97 COMMUNICA Feb26,PAYTM=G6,-419,-303775,-356024300,1172,02/24/2026,One 97 Communications Ltd,0
PEPL=G6 IS,ARBITRAG,209- ARBITRAGE FUND,PRESTIGE ESTATES Feb26,PEPL=G6,-27,-12150,-17815545.59,1466.300049,02/24/2026,Prestige Estates Projects Ltd,0
PHNX=G6 IS,ARBITRAG,209- ARBITRAGE FUND,PHOENIX MILLS LTD Feb26,PHNX=G6,-142,-49700,-81537812.72,1640.599854,02/24/2026,Phoenix Mills Ltd/The,0
PIDI=G6 IS,ARBITRAG,209- ARBITRAGE FUND,PIDILITE INDS Feb26,PIDI=G6,-189,-94500,-133471790.8,1412.399902,02/24/2026,Pidilite Industries Ltd,0
PLNG=G6 IS,ARBITRAG,209- ARBITRAGE FUND,Petronet LNG Ltd Feb26,PLNG=G6,-212,-402800,-115482740.3,286.6999512,02/24/2026,Petronet LNG Ltd,0
PNB=G6 IS,ARBITRAG,209- ARBITRAGE FUND,Punjab Natl Bank Feb26,PNB=G6,-822,-6576000,-797340000,121.25,02/24/2026,Punjab National Bank,0
PNBHO=G6 IS,ARBITRAG,209- ARBITRAGE FUND,PNB HOUSING FIN Feb26,PNBHO=G6,-951,-618150,-491089237.3,794.4499512,02/24/2026,PNB Housing Finance Ltd,0
POLIC=G6 IS,ARBITRAG,209- ARBITRAGE FUND,PB FINTECH LTD Feb26,POLIC=G6,-41,-14350,-22842330.7,1591.800049,02/24/2026,PB Fintech Ltd,0
POLYC=G6 IS,ARBITRAG,209- ARBITRAGE FUND,POLYCAB INDIA LTD Feb26,POLYC=G6,-603,-75375,-516054937.5,6846.5,02/24/2026,Polycab India Ltd,0
POWF=G6 IS,ARBITRAG,209- ARBITRAGE FUND,POWER FINANCE Feb26,POWF=G6,-956,-1242800,-469281097.9,377.5998535,02/24/2026,Power Finance Corp Ltd,0
POWIN=G6 IS,ARBITRAG,209- ARBITRAGE FUND,HITACHI ENERGY I Feb26,POWIN=G6,0,0,0,18486,02/24/2026,Hitachi Energy India Ltd,0
PSYS=G6 IS,ARBITRAG,209- ARBITRAGE FUND,PERSISTENT SYS Feb26,PSYS=G6,-44,-4400,-26747600,6079,02/24/2026,Persistent Systems Ltd,0
PWGR=G6 IS,ARBITRAG,209- ARBITRAGE FUND,Power Grid Corp Feb26,PWGR=G6,-211,-400900,-100686032.6,251.1499939,02/24/2026,Power Grid Corp of India Ltd,0
RBK=G6 IS,ARBITRAG,209- ARBITRAGE FUND,RBL BANK LTD Feb26,RBK=G6,-910,-2889250,-841927167.8,291.3999023,02/24/2026,RBL Bank Ltd,0
RECL=G6 IS,ARBITRAG,209- ARBITRAGE FUND,Rural Electri Feb26,RECL=G6,-822,-1150800,-414460507.6,360.1499023,02/24/2026,REC Ltd,0
RIL=G6 IS,ARBITRAG,209- ARBITRAGE FUND,Reliance Industry Feb26,RIL=G6,-4277,-2138500,-2922687846,1366.699951,02/24/2026,Reliance Industries Ltd,0
RIL=H6 IS,ARBITRAG,209- ARBITRAGE FUND,Reliance Industry Mar26,RIL=H6,-562,-281000,-386122058.8,1374.099854,03/30/2026,Reliance Industries Ltd,0
SAIL=G6 IS,ARBITRAG,209- ARBITRAGE FUND,Steel Authority Feb26,SAIL=G6,-1550,-7285000,-1074318959,147.4700012,02/24/2026,Steel Authority of India Ltd,0
SAMMA=G6 IS,ARBITRAG,209- ARBITRAGE FUND,SAMMAAN CAPITAL LT Feb26,SAMMA=G6,-562,-2416600,-350189514.8,144.9100037,02/24/2026,Sammaan Capital Ltd,0
SBILI=G6 IS,ARBITRAG,209- ARBITRAGE FUND,SBI LIFE INSURAN Feb26,SBILI=G6,-26,-9750,-19421024.05,1991.899902,02/24/2026,SBI Life Insurance Co Ltd,0
SBIN=G6 IS,ARBITRAG,209- ARBITRAGE FUND,State Bank India Feb26,SBIN=G6,-1305,-978750,-987167106.6,1008.599854,02/24/2026,State Bank of India,0
SBIN=H6 IS,ARBITRAG,209- ARBITRAGE FUND,State Bank India Mar26,SBIN=H6,-200,-150000,-152354992.7,1015.699951,03/30/2026,State Bank of India,0
SHFL=G6 IS,ARBITRAG,209- ARBITRAGE FUND,Shriram Finance Feb26,SHFL=G6,-696,-574200,-556686900,969.5,02/24/2026,Shriram Finance Ltd,0
SI=G6 IS,ARBITRAG,209- ARBITRAGE FUND,SUPREME INDUSTRIES Feb26,SI=G6,-29,-5075,-17839639.75,3515.199951,02/24/2026,Supreme Industries Ltd,0
SIEM=G6 IS,ARBITRAG,209- ARBITRAGE FUND,Siemens India Ltd Feb26,SIEM=G6,-17,-2975,-9009489.709,3028.399902,02/24/2026,Siemens Ltd,0
SOIL=G6 IS,ARBITRAG,209- ARBITRAGE FUND,SOLAR INDUSTRIES Feb26,SOIL=G6,-1076,-53800,-704618600,13097,02/24/2026,Solar Industries India Ltd,0
SONAC=G6 IS,ARBITRAG,209- ARBITRAGE FUND,SONA BLW PRECISI Feb26,SONAC=G6,-266,-325850,-160709204.1,493.1999512,02/24/2026,Sona Blw Precision Forgings Lt,0
SRF=G6 IS,ARBITRAG,209- ARBITRAGE FUND,SRF Ltd Feb26,SRF=G6,-179,-35800,-98761458.25,2758.699951,02/24/2026,SRF Ltd,0
SUEL=G6 IS,ARBITRAG,209- ARBITRAGE FUND,SUZLON ENERGY Feb26,SUEL=G6,-192,-1732800,-80245963.77,46.30999756,02/24/2026,Suzlon Energy Ltd,0
SUNP=G6 IS,ARBITRAG,209- ARBITRAGE FUND,Sun Pharma Ind. Feb26,SUNP=G6,-607,-212450,-341768304.6,1608.699951,02/24/2026,Sun Pharmaceutical Industries,0
SUNP=H6 IS,ARBITRAG,209- ARBITRAGE FUND,Sun Pharma Ind. Mar26,SUNP=H6,-1,-350,-566859.9487,1619.599854,03/30/2026,Sun Pharmaceutical Industries,0
SYNG=G6 IS,ARBITRAG,209- ARBITRAGE FUND,SYNGENE INTNL LTD Feb26,SYNG=G6,-108,-108000,-50122784.18,464.0998535,02/24/2026,Syngene International Ltd,0
TATA=G6 IS,ARBITRAG,209- ARBITRAGE FUND,TATA STEEL LTD Feb26,TATA=G6,-728,-4004000,-742141424.4,185.3500061,02/24/2026,Tata Steel Ltd,0
TATA=H6 IS,ARBITRAG,209- ARBITRAGE FUND,TATA STEEL LTD Mar26,TATA=H6,-372,-2046000,-381906367.5,186.6600037,03/30/2026,Tata Steel Ltd,0
TATAC=G6 IS,ARBITRAG,209- ARBITRAGE FUND,Tata Cons Prod Feb26,TATAC=G6,-453,-249150,-276980042.8,1111.699951,02/24/2026,Tata Consumer Products Ltd,0
TATAT=G6 IS,ARBITRAG,209- ARBITRAGE FUND,TATATECH Feb26,TATAT=G6,-198,-158400,-101510616.8,640.8498535,02/24/2026,Tata Technologies Ltd,0
TCS=G6 IS,ARBITRAG,209- ARBITRAGE FUND,Tata Consultancy Feb26,TCS=G6,-1344,-235200,-747700800,3179,02/24/2026,Tata Consultancy Services Ltd,0
TECHM=G6 IS,ARBITRAG,209- ARBITRAGE FUND,Tech Mahindra Feb26,TECHM=G6,-226,-135600,-233489626.8,1721.899902,02/24/2026,Tech Mahindra Ltd,0
TELX=G6 IS,ARBITRAG,209- ARBITRAGE FUND,TATA ELXSI LTD Feb26,TELX=G6,-245,-24500,-131944750,5385.5,02/24/2026,Tata Elxsi Ltd,0
TIIND=G6 IS,ARBITRAG,209- ARBITRAGE FUND,TUBE INVESTMENTS Feb26,TIIND=G6,-392,-78400,-180680647.7,2304.600098,02/24/2026,Tube Investments of India Ltd,0
TMPV=G6 IS,ARBITRAG,209- ARBITRAGE FUND,TATA MOTORS PASS Feb26,TMPV=G6,-438,-350400,-124286862.9,354.6999512,02/24/2026,Tata Motors Passenger Vehicles,0
TPWR=G6 IS,ARBITRAG,209- ARBITRAGE FUND,TATA POWER CO Feb26,TPWR=G6,-972,-1409400,-499068333.5,354.0998535,02/24/2026,Tata Power Co Ltd/The,0
TRENT=G6 IS,ARBITRAG,209- ARBITRAGE FUND,TRENT LIMITED Feb26,TRENT=G6,-939,-93900,-350425400.8,3731.899902,02/24/2026,Trent Ltd,0
TRENT=H6 IS,ARBITRAG,209- ARBITRAGE FUND,TRENT LIMITED Mar26,TRENT=H6,-250,-25000,-93909997.56,3756.399902,03/30/2026,Trent Ltd,0
TTAN=G6 IS,ARBITRAG,209- ARBITRAGE FUND,Titan Industries Feb26,TTAN=G6,-1508,-263900,-1042405000,3950,02/24/2026,Titan Co Ltd,0
TTAN=H6 IS,ARBITRAG,209- ARBITRAGE FUND,Titan Industries Mar26,TTAN=H6,-200,-35000,-139177500,3976.5,03/30/2026,Titan Co Ltd,0
TVSL=G6 IS,ARBITRAG,209- ARBITRAGE FUND,TVS MOTOR Feb26,TVSL=G6,-866,-151550,-547913855.2,3615.399902,02/24/2026,TVS Motor Co Ltd,0
UNBK=G6 IS,ARBITRAG,209- ARBITRAGE FUND,Union Bank India Feb26,UNBK=G6,-110,-486750,-82197470.12,168.8699951,02/24/2026,Union Bank of India Ltd,0
UNITD=G6 IS,ARBITRAG,209- ARBITRAGE FUND,UNITED SPIRITS Feb26,UNITD=G6,-311,-124400,-166074000,1335,02/24/2026,United Spirits Ltd,0
UNOMI=G6 IS,ARBITRAG,209- ARBITRAGE FUND,UNO Minda Limited Feb26,UNOMI=G6,-173,-95150,-109669876.1,1152.599854,02/24/2026,UNO Minda Ltd,0
UPLL=G6 IS,ARBITRAG,209- ARBITRAGE FUND,UPL Ltd. Feb26,UPLL=G6,-524,-710020,-480186387.3,676.2998047,02/24/2026,UPL Ltd,0
UTCEM=G6 IS,ARBITRAG,209- ARBITRAGE FUND,Ultra Tech Cement Feb26,UTCEM=G6,-1384,-69200,-857526400,12392,02/24/2026,UltraTech Cement Ltd,0
UTCEM=H6 IS,ARBITRAG,209- ARBITRAGE FUND,Ultra Tech Cement Mar26,UTCEM=H6,-660,-33000,-411807000,12479,03/30/2026,UltraTech Cement Ltd,0
VBL=G6 IS,ARBITRAG,209- ARBITRAGE FUND,VARUN BEVERAGES Feb26,VBL=G6,-1434,-1613250,-765003071.2,474.1999512,02/24/2026,Varun Beverages Ltd,0
VEDL=G6 IS,ARBITRAG,209- ARBITRAGE FUND,Vedanta Feb26,VEDL=G6,-351,-403650,-265742918.4,658.3498535,02/24/2026,Vedanta Ltd,0
WAARE=G6 IS,ARBITRAG,209- ARBITRAGE FUND,WAAREE ENERGIES Feb26,WAARE=G6,-59,-10325,-28193446.01,2730.600098,02/24/2026,WAAREE Energies Ltd,0
WPRO=G6 IS,ARBITRAG,209- ARBITRAGE FUND,Wipro Limited Feb26,WPRO=G6,-1,-3000,-725310.0128,241.7700043,02/24/2026,Wipro Ltd,0
YES=G6 IS,ARBITRAG,209- ARBITRAGE FUND,Yes Bank Ltd Feb26,YES=G6,-1224,-38066400,-805865618.3,21.16999817,02/24/2026,Yes Bank Ltd,0
YES=H6 IS,ARBITRAG,209- ARBITRAGE FUND,Yes Bank Ltd Mar26,YES=H6,-28,-870800,-18565449.09,21.31999207,03/30/2026,Yes Bank Ltd,0
ZYDUS=G6 IS,ARBITRAG,209- ARBITRAGE FUND,ZYDUS LFSCI LTD Feb26,ZYDUS=G6,-193,-173700,-152126426.1,875.7998047,02/24/2026,Zydus Lifesciences Ltd,0
